Rank,Game,Name,Hours  Jun5/25,Console,Year,Origin Console,Origin Year,Genre,Company,Credits,100%,DLC,ID
1st,Picture,Pokémon Shield,245,Switch,2019,Switch,2019,RPG,Nintendo / Game Freak,1,Yes,Yes,Pokémon Shield
2nd,Xenoblade Chronicles 3,Xenoblade Chronicles 3,245,Switch,2022,Switch,2022,JRPG,Nintendo / Monolith Soft,1,1,1,Xenoblade Chronicles 3
3rd,Picture,Super Smash Bros. Ultimate,164,Switch,2018,Switch,2018,Fighting,Nintendo / Sora / Bandai Namco,1,1,1,Super Smash Bros. Ultimate
4th,Miitopia,Miitopia,155,Switch,2021,3DS,2017,RPG,Nintendo,1,,,Miitopia
5th,Picture,Ring Fit Adventure,145,Switch,2019,Switch,2019,Sports,Nintendo,1,1,,Ring Fit Adventure
6th,Picture,Crash Team Racing Nitro-Fueled,136,Switch,2019,PlayStation,1999,Racing,Activision / Beenox,1,1,,Crash Team Racing Nitro-Fueled
7th,Splatoon 3,Splatoon 3,132,Switch,2022,Switch,2022,TPS,Nintendo,1,1,1,Splatoon 3
8th,Billedforhåndsvisning,Etrian Odyssey IV,131,3DS,2013,3DS,2013,JRPG,Atlus,1,1,,Etrian Odyssey IV
9th,Picture,Xenoblade Chronicles: Definitive Edition,130,Switch,2020,Wii,2010,JRPG,Nintendo / Monolith Soft,1,1,1,Xenoblade Chronicles Definitive Edition
10th,Pokémon X / Pokémon Y - Trailer de lancement - Vidéo Dailymotion,Pokémon Y,126,3DS,2013,3DS,2013,RPG,Nintendo / Game Freak,1,1,,Pokémon Y
11th,Picture,Fire Emblem: Three Houses,120,Switch,2019,Switch,2019,Tactical RPG,Nintendo / Intelligent Systems,1,Yes,Yes,Fire Emblem Three Houses
12th,Picture,The Legend of Zelda: Breath of Wild,120,Switch,2017,Switch / Wii U,2017,Adventure,Nintendo,1,Yes,Yes / S2V,The Legend of Zelda Breath of Wild
13th,Picture,Animal Crossing: New Horizons,120,Switch,2020,Switch,2020,Simulation,Nintendo,1,,Yes,Animal Crossing New Horizons
14th,"Pokémon Platinum Version (video game, monster collector, JRPG, turn-based  RPG, fantasy) reviews & ratings - Glitchwave",Pokémon Platinum,114,DS,2009,DS,2009,RPG,Nintendo / Game Freak,1,1,,Pokémon Platinum
15th,Super Mario Party Jamboree,Super Mario Party Jamboree,113,Switch,2024,Switch,2024,Board Game,Nintendo / Nd Cube,1,1,S2V,Super Mario Party Jamboree
16th,Test : FFT : Recré A2 sur DS - Gamekult,Final Fantasy Tactics A2: Grimoire of the Rift,112,DS,2008,DS,2008,Tactical RPG,Square Enix,1,1,,Final Fantasy Tactics A2 Grimoire of the Rift
17th,The Legend of Heroes: Trails of Cold Steel III | Nintendo Switch ...,The Legend of Heroes: Trails of Cold Steel III,110,Switch,2020,Switch,2020,JRPG,NIS America / Nihon Falcom,1,,,The Legend of Heroes Trails of Cold Steel III
18th,Picture,Kingdom Hearts: Melody of Memory,110,Switch,2020,Switch,2020,Music,Square Enix,1,,,Kingdom Hearts Melody of Memory
19th,Persona 5 Royal,Persona 5 Royal,110,Switch,2022,PlayStation 3 / PlayStation 4,2017,JRPG,Sega / Atlus,1,,,Persona 5 Royal
20th,Persona Q: Shadow of the Labyrinth - GameSpot,Persona Q: Shadow of the Labyrinth,106,3DS,2014,3DS,2014,RPG,Atlus,1,1,,Persona Q Shadow of the Labyrinth
21st,Billedforhåndsvisning,New Pokémon Snap,105,Switch,2021,Switch,2021,Simulation,Nintendo / Bandai Namco,1,Yes,Yes,New Pokémon Snap
22nd,Dragon Quest XI S Echoes of an Elusive Age Definitive Edition Nintendo  Switch game (เกมส์ Nintendo  Switch)(ตลับเกมส์Switch)(แผ่นเกมส์Switch)(ตลับเกมส์สวิต)(Dragon Quest XI  Switch)(Dragon Quest 11 Swit ราคาพิเศษ | ซื้อออนไลน์ที่ Shopee  ส่งฟรี*ทั่วไทย!,Dragon Quest XI S: Echoes of an Elusive Age,100,Switch,2019,PlayStation 4,2018,JRPG,Square Enix,1,Yes,,Dragon Quest XI S Echoes of an Elusive Age
23rd,Pokemon Super Mystery Dungeon - Metacritic,Pokémon Super Mystery Dungeon,96,3DS,2015,3DS,2015,RPG,Nintendo / Spike Chunsoft,1,1,,Pokémon Super Mystery Dungeon
24th,The box art for Persona 3 Reload : r/PERSoNA,Persona 3 Reload,96,PlayStation 5,2024,PlayStation 2,2007,JRPG,Atlus,1,1,,Persona 3 Reload
25th,Picture,Pokémon: Let's go Pikachu,95,Switch,2018,Game Boy,2000,RPG,Nintendo / Game Freak,1,1,,Pokémon Let's go Pikachu
26th,Picture,Super Kirby Clash,95,Switch,2019,Switch,2019,Arcade,Nintendo / HAL Laboratory,1,1,,Super Kirby Clash
27th,Shin Megami Tensei IV | Guide | Gamer Guides®,Shin Megami Tensei IV,93,3DS,2014,3DS,2014,JRPG,Atlus,1,1,,Shin Megami Tensei IV
28th,Metaphor: ReFantazio Box Art : r/Megaten,Metaphor: ReFantazio,90,PlayStation 5,2024,PlayStation 5,2024,JRPG,Atlus / Studio Zero,1,,,Metaphor ReFantazio
29th,Picture,Xenoblade Chronicles 2,90,Switch,2017,Switch,2017,JRPG,Nintendo / Monolith Soft,1,,,Xenoblade Chronicles 2
30th,Phoenix Wright: Ace Attorney Trilogy,Phoenix Wright: Ace Attorney Trilogy,87,Switch,2019,Game Boy Advance / DS,2001,Visual Novel,Capcom,1,1,,Phoenix Wright Ace Attorney Trilogy
31st,Picture,Mario Kart 8 Deluxe,86,Switch,2017,Wii U,2014,Racing,Nintendo,1,1,1,Mario Kart 8 Deluxe
32nd,Digimon Story Cyber Sleuth: Complete Edition - Metacritic,Digimon Story Cyber Sleuth: Complete Edition,85,Switch,2019,PlayStation Vita / PlayStation 4,2016,JRPG,Bandai Namco,1,,,Digimon Story Cyber Sleuth Complete Edition
33rd,Mario Kart 7,Mario Kart 7,83,3DS,2011,3DS,2011,Racing,Nintendo,1,1,,Mario Kart 7
34th,THEATRHYTHM FINAL FANTASY,Theatrhythm Final Fantasy,78,3DS,2012,3DS,2012,Music / RPG,Square Enix,1,1,,Theatrhythm Final Fantasy
35th,Kid Icarus: Uprising,Kid Icarus: Uprising,76,3DS,2012,3DS,2012,Action / Shmup,Nintendo / Sora,1,,,Kid Icarus Uprising
36th,Fire Emblem Awakening | Ultimate Pop Culture Wiki | Fandom,Fire Emblem: Awakening,75,3DS,2012,3DS,2012,Tactical RPG,Nintendo / Intelligent Systems,1,Yes,,Fire Emblem Awakening
37th,Picture,Octopath Traveler,75,Switch,2018,Switch,2018,JRPG,Square Enix,1,,,Octopath Traveler
38th,Picture,Donkey Kong Country: Tropical Freeze,75,Switch,2018,Wii U,2014,2D Platformer,Nintendo / Retro Studios,1,1,,Donkey Kong Country Tropical Freeze
39th,Nintendo UK's official site,Super Mario 3D All-Stars,75,Switch,2020,Nintendo 64 / Gamecube / Wii,1997,3D Platformer,Nintendo,1,1,,Super Mario 3D All-Stars
40th,女神異聞錄５ 亂戰：魅影攻手體驗版(中文版),Persona 5 Strikers,75,Switch,2021,Switch,2021,Hack & Slash,Sega / Atlus,1,1,,Persona 5 Strikers
41st,Radiant Historia: Perfect Chronology,Radiant Historia: Perfect Chronology,72,3DS,2018,DS,2011,JRPG,Atlus,1,1,,Radiant Historia Perfect Chronology
42nd,Theatrhythm Final Fantasy: Curtain Call - IGN,Theatrhythm Final Fantasy: Curtain Call,71,3DS,2014,3DS,2014,Music / RPG,Square Enix,1,,,Theatrhythm Final Fantasy Curtain Call
43rd,Mario Party Superstars,Mario Party Superstars,71,Switch,2021,Switch,2021,Board Game,Nintendo / Nd Cube,1,1,,Mario Party Superstars
44th,The Hundred Line -Last Defense Academy- Releases Character Trailer,The Hundred Line - Last Defense Academy,70,Switch,2025,Switch,2025,Visual Novel / Tactical RPG,Marvelous / Too Kyo Games,1,Yes,,The Hundred Line - Last Defense Academy
45th,Picture,Tokyo Mirage Session #FE Encore,70,Switch,2020,Wii U,2016,JRPG,Nintendo / Atlus,1,1,,Tokyo Mirage Session #FE Encore
46th,"The Switch Icon Watch Thread [~] No Logo, No Buy | ResetEra",Hyrule Warriors: Age of Calamity,70,Switch,2020,Switch,2020,Hack & Slash,Nintendo / Koei Tecmo,1,1,Yes,Hyrule Warriors Age of Calamity
47th,MONSTER HUNTER RISE,Monster Hunter Rise,70,Switch,2021,Switch,2021,Action,Capcom,1,,Yes,Monster Hunter Rise
48th,Shin Megami Tensei V,Shin Megami Tensei V,70,Switch,2021,Switch,2021,JRPG,Sega / Atlus,1,Yes,Yes,Shin Megami Tensei V
49th,Zero Escape: The Nonary Games,Zero Escape: The Nonary Games,68,PlayStation 4,2017,DS / 3DS,2009,Visual Novel,Spike Chunsoft / Aksys Games,1,1,,Zero Escape The Nonary Games
50th,Xenoblade Chronicles X: Definitive Edition,Xenoblade Chronicles X: Definitive Edition,66,Switch,2025,Wii U,2015,JRPG,Nintendo / Monolith Soft,1,,,Xenoblade Chronicles X Definitive Edition
51st,Picture,Rayman Legends: Definitive Edition,65,Switch,2017,Wii U,2013,2D Platformer,Ubisoft,1,1,,Rayman Legends Definitive Edition
52nd,Picture,Super Mario Odyssey,65,Switch,2017,Switch,2017,3D Platformer,Nintendo,1,1,,Super Mario Odyssey
53rd,Amazon.com: Shin Megami Tensei III: Nocturne Hd Remaster [Korean Edition] -  Nintendo Switch: Video Games,Shin Megami Tensei III Nocturne HD Remaster,65,Switch,2021,PlayStation 2,2003,JRPG,Sega / Atlus,1,,,Shin Megami Tensei III Nocturne HD Remaster
54th,The Legend of Zelda: Ocarina of Time 3D,The Legend of Zelda: Ocarina of Time 3D,63,3DS,2011,Nintendo 64,1998,Adventure,Nintendo / Grezzo,1,1,,The Legend of Zelda Ocarina of Time 3D
55th,Fire Emblem Echoes: Shadows of Valentia,Fire Emblem Echoes: Shadows of Valentia,61,3DS,2017,NES,1992,Tactical RPG,Nintendo / Intelligent Systems,1,1,1,Fire Emblem Echoes Shadows of Valentia
56th,Picture,Tales of Vesperia,60,Switch,2019,Xbox 360,2009,Action RPG,Bandai Namco,1,,,Tales of Vesperia
57th,Billedforhåndsvisning,Bravely Default II,60,Switch,2021,Switch,2021,JRPG,Square Enix / Team Asano,1,,,Bravely Default II
58th,Monster Hunter Stories 2: Wings of Ruin,Monster Hunter Stories 2,60,Switch,2021,Switch,2021,JRPG,Capcom,1,,,Monster Hunter Stories 2
59th,Splatoon 2 | Nintendo Switch | Juegos | Nintendo,Splatoon 2,60,Switch,2017,Switch,2017,TPS,Nintendo,1,Yes,Yes,Splatoon 2
60th,Rune Factory 5,Rune Factory 5,60,Switch,2022,Switch,2022,Simulation / JRPG,Marvelous,1,,,Rune Factory 5
61st,Project X Zone,Project X Zone,59,3DS,2013,3DS,2013,Tactical RPG,Monolift Soft / Bandai Namco,1,1,,Project X Zone
62nd,Super Street Fighter IV: 3D Edition - NA Box Art - Pure Nintendo,Super Street Fighter IV 3D Edition,59,3DS,2011,PlayStation 3 / Xbox 360,2009,Fighting,Capcom,1,1,,Super Street Fighter IV 3D Edition
63rd,Persona 4 Golden,Persona 4 Golden,59,Switch,2023,PlayStation 2,2008,JRPG,Sega / Atlus,1,,,Persona 4 Golden
64th,The Legend of Zelda: Majora&#39;s Mask is coming to Nintendo&#39;s 3DS | Financial  Post,The Legend of Zelda: Majora's Mask 3D,57,3DS,2015,Nintendo 64,2000,Adventure,Nintendo,1,1,,The Legend of Zelda Majora's Mask 3D
65th,Mega Man Zero/ZX Legacy Collection,Mega Man Zero/ZX Legacy Collection,56,Switch,2020,Game Boy Advance / DS,2002,Action / 2D Platformer,Capcom / Inti Creates,1,,,Mega Man ZeroZX Legacy Collection
66th,Picture,New Super Mario Bros. U Deluxe,55,Switch,2019,Wii U,2012,2D Platformer,Nintendo,1,1,1,New Super Mario Bros. U Deluxe
67th,Picture,Dragon Quest Builders 2,55,Switch,2019,Switch,2019,Creative / RPG,Square Enix,1,,,Dragon Quest Builders 2
68th,Picture,Catherine: Full Body,55,Switch,2020,PlayStation 3 / Xbox 360,2011,Visual Novel / Puzzle,Sega / Atlus,1,1,,Catherine Full Body
69th,Switch Icon for Paper Mario: The Origami King : papermario,Paper Mario: The Origami King,55,Switch,2020,Switch,2020,RPG,Nintendo / Intelligent Systems,1,1,,Paper Mario The Origami King
70th,Danganronpa V3: Killing Harmony Review | GodisaGeek.com,Danganronpa v3: Killing Harmony Anniversary Edition,55,Switch,2021,PlayStation Vita / PlayStation 4,2017,Visual Novel,Spike Chunsoft,1,,,Danganronpa v3 Killing Harmony Anniversary Edition
71st,Triangle Strategy har endelig fået en udgivelsesdato,Triangle Strategy,55,Switch,2022,Switch,2022,Tactical RPG,Square Enix,1,,,Triangle Strategy
72nd,Animal Crossing: New Leaf (Video Game) - TV Tropes,Animal Crossing: New Leaf,55,3DS,2013,3DS,2013,Simulation,Nintendo,1,,,Animal Crossing New Leaf
73rd,Super Smash Bros. for Nintendo 3DS,Super Smash Bros. for Nintendo 3DS,55,3DS,2014,3DS,2014,Fighting,Nintendo / Sora / Bandai Namco,1,1,1,Super Smash Bros. for Nintendo 3DS
74th,Paper Mario: The Thousand-Year Door,Paper Mario: The Thousand-Year Door,53,Switch,2024,Gamecube,2004,RPG,Nintendo / Intelligent Systems,1,1,,Paper Mario The Thousand-Year Door
75th,Picture,Super Mario Party,51,Switch,2018,Switch,2018,Board Game,Nintendo / Nd Cube,1,1,,Super Mario Party
76th,Soul Hackers 2 - Wikipedia,Soul Hackers 2,51,PlayStation 5,2022,PlayStation 5,2022,JRPG,Atlus,1,1,1,Soul Hackers 2
77th,Professor Layton vs. Phoenix Wright: Ace Attorney,Professor Layton vs. Phoenix Wright: Ace Attorney,50,3DS,2014,3DS,2014,Puzzle / Visual Novel,Capcom / Level 5,1,1,,Professor Layton vs. Phoenix Wright Ace Attorney
78th,Resident Evil™ Revelations,Resident Evil Revelations,50,3DS,2012,3DS,2012,TPS / Survival,Capcom,1,1,,Resident Evil Revelations
79th,Picture,Mario + Rabbids Kingdom Battle,50,Switch,2017,Switch,2017,Tactical RPG,Nintendo / Ubisoft,1,1,Yes,Mario + Rabbids Kingdom Battle
80th,Picture,Arms,50,Switch,2017,Switch,2017,Fighting,Nintendo,1,Yes,FU,Arms
81st,Picture,Ys VIII: Lacrimosa of Dana,50,Switch,2018,PlayStation Vita,2016,Action RPG / JRPG,NIS America / Nihon Falcom,1,,,Ys VIII Lacrimosa of Dana
82nd,Ingen tilgængelig beskrivelse.,Danganronpa 2: Goodbye Despair Anniversary Edition,50,Switch,2021,PlayStation Portable,2012,Visual Novel,Spike Chunsoft,1,,,Danganronpa 2 Goodbye Despair Anniversary Edition
83rd,Unicorn Overlord,Unicorn Overlord,49,Switch,2024,Switch,2024,Strategy RPG,Atlus / Vanillaware,1,,,Unicorn Overlord
84th,Amazon.com: Final Fantasy VII Rebirth - Exclusive Amazon Edition (PS5) :  Everything Else,Final Fantasy VII Rebirth,48,PlayStation 5,2024,PlayStation,1997,Action RPG,Square Enix,1,,,Final Fantasy VII Rebirth
85th,FINAL FANTASY XVI,Final Fantasy XVI,48,PlayStation 5,2023,PlayStation 5,2023,Action RPG,Square Enix,1,Yes,Yes,Final Fantasy XVI
86th,Mario Tennis Open - Wikipedia,Mario Tennis Open,48,3DS,2012,3DS,2012,Sports,Nintendo / Camelot,1,1,,Mario Tennis Open
87th,TALES OF THE ABYSS: MENU SCREEN DESIGN ANALYSIS – The Picky Champy,Tales of the Abyss,48,3DS,2011,PlayStation 2,2006,Action RPG,Bandai Namco,1,,,Tales of the Abyss
88th,Mario & Luigi: Brothership,Mario & Luigi: Brothership,46,Switch,2024,Switch,2024,RPG,Nintendo / Acquire,1,,,Mario & Luigi Brothership
89th,Picture,Dragon Quest Builders,45,Switch,2018,Switch,2018,Creative / RPG,Square Enix,1,,,Dragon Quest Builders
90th,Picture,Team Sonic Racing,45,Switch,2019,Switch,2019,Racing,Sega / Sumo Digital,1,1,,Team Sonic Racing
91st,Image result for super mario 3d world + bowser's fury,Super Mario 3D World + Bowser's Fury,45,Switch,2021,Wii U,2013,3D Platformer,Nintendo,1,1,1,Super Mario 3D World + Bowser's Fury
92nd,NEO: The World Ends with You,NEO: The World Ends with You,45,Switch,2021,Switch,2021,Action RPG,Square Enix,1,,,NEO The World Ends with You
93rd,13 Sentinels: Aegis Rim,13 Sentinels: Aegis Rim,45,Switch,2022,PlayStation 4,2020,Visual Novel / Strategy RPG,Atlus / Vanillaware,1,,,13 Sentinels Aegis Rim
94th,Fire Emblem Warriors: Three Hopes,Fire Emblem Warriors: Three Hopes,45,Switch,2022,Switch,2022,Hack & Slash,Nintendo / Koei Tecmo,Yes,,,Fire Emblem Warriors Three Hopes
95th,In shops and on Nintendo eShop now: Mario & Luigi: Superstar Saga + Bowser’s Minions,Mario & Luigi: Superstar Saga + Bowser's Minions,45,3DS,2017,Game Boy Advance,2003,RPG,Nintendo / AlphaDream,1,1,1,Mario & Luigi Superstar Saga + Bowser's Minions
96th,Eiyuden Chronicle: Hundred Heroes,Eiyuden Chronicle: Hundred Heroes,44,Switch,2024,Switch,2024,JRPG,505 Games / Rabbit and Bear Studios,1,,Yes,Eiyuden Chronicle Hundred Heroes
97th,Donkey Kong Country Returns 3D,Donkey Kong Country Returns 3D,44,3DS,2013,Wii,2010,2D Platformer,Nintendo / Retro Studios,1,1,,Donkey Kong Country Returns 3D
98th,Ingen tilgængelig beskrivelse.,Poochy & Yoshi's Woolly World,44,3DS,2017,Wii U,2015,2D Platformer,Nintendo / Good-feel,1,1,,Poochy & Yoshi's Woolly World
99th,Pokémon Shuffle,Pokémon Shuffle,42,3DS,2015,3DS,2015,Puzzle,Nintendo / Genius Sonority,1,1,,Pokémon Shuffle
100th,The Legend of Zelda: Tears of the Kingdom - IGN,The Legend of Zelda: Tears of the Kingdom,42,Switch,2023,Switch,2023,Adventure,Nintendo,1,Yes,S2V,The Legend of Zelda Tears of the Kingdom
101st,New Super Mario Bros. 2,New Super Mario Bros. 2,41,3DS,2012,3DS,2012,2D Platformer,Nintendo,1,1,,New Super Mario Bros. 2
102nd,Mario & Luigi: Dream Team Bros.,Mario & Luigi: Dream Team Bros.,40,3DS,2013,3DS,2013,RPG,Nintendo,1,Yes,,Mario & Luigi Dream Team Bros.
103rd,Picture,Yoshi's Crafted Worlds,40,Switch,2019,Switch,2019,2D Platformer,Nintendo / Good-feel,1,1,,Yoshi's Crafted Worlds
104th,Picture,The Witcher 3: Wild Hunt - Complete Edition,40,Switch,2019,PlayStation 4 / Xbox One ,2015,Adventure / RPG,CD Project Red,1,Yes,Yes,The Witcher 3 Wild Hunt - Complete Edition
105th,Picture,Pokkén Tournament DX,40,Switch,2017,Wii U,2016,Fighting,Nintendo / Bandai Namco,1,1,1,Pokkén Tournament DX
106th,Ni no Kuni: Wrath of the White Witch Remastered on PS4 | Official ...,Ni No Kuni: Wrath of the White Witch,40,Switch,2019,PlayStation 3,2013,RPG,Bandai Namco / Level 5,1,,,Ni No Kuni Wrath of the White Witch
107th,Pokémon Legends: Arceus,Pokémon Legends: Arceus,40,Switch,2022,Switch,2022,RPG,Nintendo / Game Freak,1,Yes,,Pokémon Legends Arceus
108th,DRAGON QUEST MONSTERS: The Dark Prince,Dragon Quest Monsters: The Dark Prince,40,Switch,2023,Switch,2023,RPG,Square Enix,1,,,Dragon Quest Monsters The Dark Prince
109th,Luigi&#39;s Mansion: Dark Moon - Wikipedia,Luigi's Mansion 2,39,3DS,2013,3DS,2013,Adventure / Puzzle,Nintendo / Next Level Games,1,1,,Luigi's Mansion 2
110th,Monster Hunter 4 Ultimate - IGN,Monster Hunter 4 Ultimate,38,3DS,2015,3DS,2015,Action,Capcom,1,,,Monster Hunter 4 Ultimate
111th,Luigi's Mansion,Luigi's Mansion,37,3DS,2018,Gamecube,2001,Adventure / Puzzle,Nintendo / Grezzo,1,1,,Luigi's Mansion
112th,TEKKEN TAG TOURNAMENT™ 2 Wii U Edition,Tekken Tag Tournament 2 Wii U Edition,37,Wii U,2012,PlayStation 3 / Xbox 360,2012,Fighting,Bandai Namco,1,1,,Tekken Tag Tournament 2 Wii U Edition
113th,Everything you need to know about Street Fighter 6 | PlayStation (Denmark),Street Fighter 6,37,PlayStation 5,2023,PlayStation 5,2023,Fighting,Capcom,1,1,,Street Fighter 6
114th,The Legend of Zelda: Twilight Princess HD,The Legend of Zelda: Twilight Princess HD,36,Wii U,2016,Gamecube / Wii,2006,Adventure,Nintendo,1,Yes,Yes,The Legend of Zelda Twilight Princess HD
115th,Fire Emblem Engage,Fire Emblem Engage,35,Switch,2023,Switch,2023,Tactical RPG,Nintendo / Intelligent Systems,1,Yes,,Fire Emblem Engage
116th,Picture,The World Ends with You -Final Remix-,35,Switch,2018,DS,2007,Action RPG,Square Enix,1,,,The World Ends with You -Final Remix-
117th,Picture,Pokémon Mystery Dungeon Rescue Team DX,35,Switch,2020,DS,2006,RPG,Nintendo / Spike Chunsoft,1,,,Pokémon Mystery Dungeon Rescue Team DX
118th,Hades - Piano Collection / Music Sheets - YouTube,Hades,35,Switch,2020,Switch,2020,Hack & Slash / Roguelike,Supergiant Games,1,,,Hades
119th,Picture,Snack World: The Dungeon Crawl - Gold,35,Switch,2020,Switch,2020,RPG,Level 5,1,,,Snack World The Dungeon Crawl - Gold
120th,Project Updates for Bug Fables - An exploration RPG full of bugs! on  BackerKit Page 3,Bug Fables: The Everlasting Sapling,35,Switch,2020,Switch,2020,RPG,DANGEN Entertainment / Moonsprout Games,1,,,Bug Fables The Everlasting Sapling
121st,Picture,Super Mario Maker 2,35,Switch,2019,Switch,2019,Creative,Nintendo,1,Yes,,Super Mario Maker 2
122nd,Official Review: Okami HD (Nintendo Switch) | GBAtemp.net - The ...,Ōkami HD,35,Switch,2018,PlayStation 2,2006,Adventure,Capcom,1,,,Ōkami HD
123rd,Ys IX: Monstrum Nox,Ys IX: Monstrum Nox,35,Switch,2021,Switch,2021,Action RPG / JRPG,NIS America / Nihon Falcom,1,,,Ys IX Monstrum Nox
124th,Danganronpa: Trigger Happy Havoc Anniversary Edition,Danganronpa: Trigger Happy Havoc Anniversary Edition,35,Switch,2021,PlayStation Portable,2010,Visual Novel,Spike Chunsoft,1,,,Danganronpa Trigger Happy Havoc Anniversary Edition
125th,Master Detective Archives: RAIN CODE,Master Detective Archives: Rain Code,35,Switch,2023,Switch,2023,Visual Novel,Spike Chunsoft,1,,,Master Detective Archives Rain Code
126th,Professor Layton and the Azran Legacy - Metacritic,Professor Layton and the Azran Legacy,35,3DS,2013,3DS,2013,Puzzle / Visual Novel,Nintendo / Level 5,1,1,,Professor Layton and the Azran Legacy
127th,Super Pokémon Rumble - Wikipedia,Super Pokémon Rumble,35,3DS,2011,3DS,2011,Action,Nintendo / Ambrella,1,1,,Super Pokémon Rumble
128th,Paper Mario: Sticker Star - Wikipedia,Paper Mario: Sticker Star,33,3DS,2012,3DS,2012,RPG,Nintendo / Intelligent Systems,1,1,,Paper Mario Sticker Star
129th,The Legend of Zelda: Skyward Sword HD,The Legend of Zelda: Skyward Sword,33,Switch,2021,Wii,2011,Adventure,Nintendo,1,Yes,,The Legend of Zelda Skyward Sword
130th,YO-KAI WATCH®,Yo-kai Watch,31,3DS,2016,3DS,2016,RPG,Nintendo / Level 5,1,1,,Yo-kai Watch
131st,Épinglé sur Helldivers,Helldivers 2,31,PlayStation 5,2024,PlayStation 5,2024,TPS / Online,Sony / Arrowheads Studios,1,,,Helldivers 2
132nd,Picture,Hyrule Warriors: Definitive Edition,30,Switch,2018,Wii U,2014,Hack & Slash,Nintendo / Koei Tecmo,1,Yes,,Hyrule Warriors Definitive Edition
133rd,Picture,Yu-Gi-Oh! Legacy of the Duelist: Link Evolution,30,Switch,2019,Switch,2019,Card Game,Konami / Other Ocean Emeryville,1,,,Yu-Gi-Oh! Legacy of the Duelist Link Evolution
134th,Final Fantasy VII Remake [News],Final Fantasy VII Remake,30,PlayStation 4,2020,PlayStation,1997,Action RPG,Square Enix,1,,,Final Fantasy VII Remake
135th,"Immortals Fenyx Rising on PS4, Xbox, Switch, PC & More | Ubisoft (GB)",Immortals Fenyx Rising,30,Switch,2020,Switch,2020,Adventure,Ubisoft,1,,,Immortals Fenyx Rising
136th,Picture,Kirby Star Allies,30,Switch,2018,Switch,2018,2D Platformer,Nintendo / HAL Laboratory,1,1,,Kirby Star Allies
137th,Pokémon Scarlet,Pokémon Scarlet,30,Switch,2022,Switch,2022,RPG,Nintendo / Game Freak,1,Yes,Yes / FU,Pokémon Scarlet
138th,Atelier Ryza: Ever Darkness and the Secret Hideout,Atelier Ryza: Ever Darkness and the Secret Hideout,30,Switch,2019,Switch,2019,JRPG,Koei Tecmo / Gust,1,,,Atelier Ryza Ever Darkness and the Secret Hideout
139th,Professor Layton and the Miracle Mask,Professor Layton and the Miracle Mask,29,3DS,2012,3DS,2012,Puzzle / Visual Novel,Level 5,1,,,Professor Layton and the Miracle Mask
140th,Baldur's Gate 3 – PS5 Games | PlayStation (Denmark),Baldur's Gate 3,29,PlayStation 5,2023,PC,2023,Tactical RPG,Larian Studios,,,,Baldur's Gate 3
141st,Gran Turismo™ 7,Gran Turismo 7,29,PlayStation 5,2022,PlayStation 5,2022,Racing,Sony / Polyphony Digital,1,,,Gran Turismo 7
142nd,No Man's Sky,No Man's Sky,29,Switch,2022,PlayStation 4,2016,Creative / Survival,Hello Games,1,,,No Man's Sky
143rd,DRAGON BALL Z : KAKAROT + A NEW POWER AWAKENS SET,Dragon Ball Z: Kakarot,29,Switch,2021,PlayStation 4 / Xbox One ,2020,Adventure,Bandai Namco,1,,,Dragon Ball Z Kakarot
144th,Tom Clancy’s™ GHOST RECON® SHADOW WARS,Tom Clancy's Ghost Recon - Shadow Wars,29,3DS,2011,3DS,2011,Tactical RPG,Ubisoft,1,,,Tom Clancy's Ghost Recon - Shadow Wars
145th,Tales of Graces™f Remastered,Tales of Graces f Remastered,27,Switch,2025,Wii,2009,JRPG,Bandai Namco,1,,,Tales of Graces f Remastered
146th,Dillon's Dead-Heat Breakers - Wikipedia,Dillon's Dead-Heat Breakers,26,3DS,2018,3DS,2018,Action / Strategy,Nintendo / Vanpool,1,1,,Dillon's Dead-Heat Breakers
147th,100% discount on Rocket League® Xbox One — buy online — XB Deals Brasil,Rocket League,25,PlayStation 4,2015,PlayStation 4,2015,Sports / Racing,Psyonix Studios,Yasin,,,Rocket League
148th,Picture,Final Fantasy XV,25,PlayStation 4,2018,PlayStation 4,2018,Action RPG,Square Enix,1,,,Final Fantasy XV
149th,Hollow Knight on Nintendo Switch – Japanese Yen,Hollow Knight,25,Switch,2018,PC,2017,Metroidvania,Team Cherry,1,,,Hollow Knight
150th,Picture,Cuphead,25,Switch,2019,Switch,2019,Arcade,StudioMDHR,1,,Yes,Cuphead
151st,Xenoblade Chronicles 2: Torna – The Golden Country - Wikipedia,Xenoblade Chronicles 2: Torna - The Golden Country,25,Switch,2018,Switch,2018,JRPG,Nintendo / Monolith Soft,1,,,Xenoblade Chronicles 2 Torna - The Golden Country
152nd,Picture,Resident Evil 6,25,Switch,2019,PlayStation 3 / Xbox 360,2012,TPS / Survival,Capcom,1,,,Resident Evil 6
153rd,"Kirby Triple Deluxe Game Play | Kirby, Video game posters, Pops cereal box",Kirby: Triple Deluxe,25,3DS,2014,3DS,2014,2D Platformer,Nintendo / HAL Laboratory,1,1,,Kirby Triple Deluxe
154th,Pokémon Mystery Dungeon: Gates to Infinity,Pokémon Mystery Dungeon: Gates of Infinity,24,3DS,2013,3DS,2013,RPG,Nintendo,1,,,Pokémon Mystery Dungeon Gates of Infinity
155th,Review: Ridge Racer 3D – The Video Game Doctor!,Ridge Racer 3D,24,3DS,2011,3DS,2011,Racing,Bandai Namco,1,1,,Ridge Racer 3D
156th,Star Fox 64 3D - Wikipedia,Star Fox 64 3D,24,3DS,2011,Nintendo 64,1997,Shmup,Nintendo,1,1,,Star Fox 64 3D
157th,Famicom Detective Club: The Missing Heir & Famicom Detective Club: The Girl Who Stands Behind,Famicom Detective Club: The Missing Heir & The Girl Who Stands Behind,23,Switch,2021,Famicom,1988,Visual Novel,Nintendo,1,,,Famicom Detective Club The Missing Heir & The Girl Who Stands Behind
158th,Star Ocean The Second Story R - IGN,Star Ocean: The Second Story R,22,Switch,2023,PlayStation,1998,Action RPG,Square Enix / Gemdrops,1,,,Star Ocean The Second Story R
159th,Pokémon Shining Pearl,Pokémon Shining Pearl,22,Switch,2021,DS,2007,RPG,Nintendo / ILCA,1,,,Pokémon Shining Pearl
160th,SUPER MARIO 3D LAND,Super Mario 3D Land,22,3DS,2011,3DS,2011,3D Platformer,Nintendo,1,1,,Super Mario 3D Land
161st,Nintendo Badge Arcade,Nintendo Badge Arcade,21,3DS,2015,3DS,2015,Arcade,Nintendo,1,1,,Nintendo Badge Arcade
162nd,Walkthrough - Silent Hill 2 Remake Guide - IGN,Silent Hill 2,21,PlayStation 5,2024,PlayStation 2,2001,Puzzle / Survivor,Konami / Team Silent,1,,,Silent Hill 2
163rd,The Legend of Zelda: Echoes of Wisdom,The Legend of Zelda: Echoes of Wisdom,20,Switch,2024,Switch,2024,Adventure,Nintendo / Grezzo,1,,FU,The Legend of Zelda Echoes of Wisdom
164th,Super Princess Peach - IGN,Super Princess Peach,20,DS,2006,DS,2006,2D Platformer,Nintendo,1,1,,Super Princess Peach
165th,See the source image,Star Fox Adventures,20,Gamecube,2002,Gamecube,2002,Adventure,Nintendo / Rare,1,,,Star Fox Adventures
166th,TOG - Toy Or Game - TITLE The Elder Scrolls V: Skyrim RELEASE DATE Fall  2017 ESTIMATED PRE-ORDER PRICE* Nintendo Switch - Standard Edition: $81.00  | Facebook,The Elders Scrolls V: Skyrim,20,Switch,2017,PlayStation 3 / Xbox 360,2011,Adventure / RPG,Bethesda,1,,,The Elders Scrolls V Skyrim
167th,Picture,Bayonetta 2,20,Switch,2018,Wii U,2014,Hack & Slash,Nintendo / Platinum Games,1,,,Bayonetta 2
168th,Picture,Captain Toad: Treasure Tracker,20,Switch,2018,Wii U,2014,Puzzle,Nintendo,1,1,1,Captain Toad Treasure Tracker
169th,Picture,Valkyria Chronicles 4,20,Switch,2018,Switch,2018,Tactical RPG,Sega,,,,Valkyria Chronicles 4
170th,Picture,Assassin's Creed III Remastered,20,Switch,2019,PlayStation 3 / Xbox 360 / Wii U,2012,Adventure,Ubisoft,,,,Assassin's Creed III Remastered
171st,Picture,Spyro Reignited Trilogy,20,Switch,2019,PlayStation,1998,3D Platformer,Activision / Toys for Bob,1,,,Spyro Reignited Trilogy
172nd,Picture,Trials of Mana,20,Switch,2020,SNES,1995,Action RPG,Square Enix,1,,,Trials of Mana
173rd,Picture,The Wonderful 101: Remastered,20,Switch,2020,Wii U,2013,Action,Platinum Games,1,,,The Wonderful 101 Remastered
174th,Mario Golf: Super Rush,Mario Golf: Super Rush,20,Switch,2021,Switch,2021,Sports,Nintendo / Camelot,1,1,Yes,Mario Golf Super Rush
175th,Resident Evil 4,Resident Evil 4,20,Switch,2019,Gamecube,2005,TPS / Survival,Capcom,1,,,Resident Evil 4
176th,PROJECT ZERO: MAIDEN OF BLACK WATER,Project Zero: Maiden of Black Water,20,Switch,2021,Wii U,2015,Action / Simulation,Koei Tecmo,1,,,Project Zero Maiden of Black Water
177th,Two Point Hospital™,Two Point Hospital,20,Switch,2020,PC,2018,Strategy,SEGA / Two Point Studios,,,,Two Point Hospital
178th,SAMURAI WARRIORS 5,Samurai Warriors 5,20,Switch,2021,Switch,2021,Hack & Slash,Koei Tecmo,1,,,Samurai Warriors 5
179th,Sakuna: Of Rice and Ruin,Sakuna: Of Rice and Ruin,20,Switch,2020,Switch,2020,Simulation / Metroidvania,Marvelous / Edelweiss,Yes,,,Sakuna Of Rice and Ruin
180th,Super Mario Galaxy 2 Digital Art by Eloisa Mannion,Super Mario Galaxy 2,20,Wii,2010,Wii,2010,3D Platformer,Nintendo,1,,,Super Mario Galaxy 2
181st,Metroid Prime Remastered,Metroid Prime Remastered,20,Switch,2023,Gamecube,2003,FPS / Metroidvania,Nintendo / Retro Studios,1,,,Metroid Prime Remastered
182nd,In shops and on Nintendo eShop now – Kirby: Planet Robobot,Kirby: Planet Robobot,20,3DS,2016,3DS,2016,2D Platformer,Nintendo / HAL Laboratory,1,1,,Kirby Planet Robobot
183rd,The Most Popular Horror Games Of 2023,Dead Space,20,PlayStation 5,2023,PlayStation 3 / Xbox 360,2008,TPS / Survival,Electronic Arts / Motive Studio,1,,,Dead Space
184th,DOOM Eternal Standard Edition,DOOM: Eternal,19,Switch,2020,PlayStation 4 / Xbox One ,2020,FPS,Bethesda / Panic Button,1,,,DOOM Eternal
185th,LEGO® Star Wars™: The Skywalker Saga,LEGO Star Wars: The Skywalker Saga,19,Switch,2022,Switch,2022,Action,Warner Bros,1,Yes,,LEGO Star Wars The Skywalker Saga
186th,Pikmin 4,Pikmin 4,19,Switch,2023,Switch,2023,Adventure,Nintendo,1,Yes,,Pikmin 4
187th,Super Mario Bros. Wonder,Super Mario Bros. Wonder,19,Switch,2023,Switch,2023,2D Platformer,Nintendo,1,1,,Super Mario Bros. Wonder
188th,Cave Story 3D,Cave Story 3D,18,3DS,2013,Wii / DS,2010,Metroidvania,NIS America / Nicalis,1,1,,Cave Story 3D
189th,Another Code: Recollection,Another Code: Recollection,17,Switch,2024,Wii / DS,2005,Visual Novel,Nintendo / Arc System Works,1,,,Another Code Recollection
190th,Ratchet & Clank: Rift Apart - Exclusive PS5 Games | PlayStation - PS5 Games  | PlayStation® (Denmark),Ratchet & Clank: Rift Apart,17,PlayStation 5,2021,PlayStation 5,2021,3D Platformer,Sony,1,1,,Ratchet & Clank Rift Apart
191st,North American/European Metal Gear Solid: Snake Eater 3D boxart - Nintendo  Everything,Metal Gear Solid: Snake Eater 3D,17,3DS,2012,PlayStation 2,2005,Stealth,Konami,1,,,Metal Gear Solid Snake Eater 3D
192nd,Code of Princess Review - IGN,Code of Princess,16,3DS,2013,3DS,2013,Beat-em-up,Atlus / Agatsuma Entertainment,1,1,,Code of Princess
193rd,Picture,Bloodstained: Ritual of the Night,16,Switch,2019,PlayStation 4 / Xbox One ,2019,Metroidvania,Inti Creates,1,,,Bloodstained Ritual of the Night
194th,Horace Review (Switch eShop) | Nintendo Life,Horace,16,Switch,2020,PC,2019,2D Platformer / Metroidvania,505 Games / Paul Helman,1,,,Horace
195th,NEW PLAY CONTROL! Donkey Kong Jungle Beat,Donkey Kong Jungle Beat,16,Gamecube,2005,Gamecube,2005,2D Platformer,Nintendo,1,1,,Donkey Kong Jungle Beat
196th,Rhythm Thief & the Emperor's Treasure boxart,Rhythm Thief & the Emperor's Treasure,16,3DS,2012,3DS,2012,Music / Visual Novel,Sega,1,1,,Rhythm Thief & the Emperor's Treasure
197th,HarmoKnight,HarmoKnight,16,3DS,2013,3DS,2013,Music,Nintendo / Game Freak,1,1,,HarmoKnight
198th,Vampire Survivors,Vampire Survivors,16,Switch,2023,Xbox One / Xbox Series X/S,2022,Shmup,Poncle,1,,,Vampire Survivors
199th,Red Dead Redemption,Red Dead Redemption,15,Switch,2023,PlayStation 3 / Xbox 360,2010,Adventure / TPS,Rockstar Games,1,,,Red Dead Redemption
200th,Sonic Frontiers,Sonic Frontiers,15,Switch,2022,Switch,2022,3D Platformer,Sega / Sonic Team,1,Yes,Yes,Sonic Frontiers
201st,Picture,Doom,15,Switch,2017,PlayStation 4 / Xbox One ,2016,FPS,Bethesda / Panic Button,1,,,Doom
202nd,Picture,Dragon Ball FighterZ,15,Switch,2018,Switch,2018,Fighting,Bandai Namco,1,,,Dragon Ball FighterZ
203rd,Picture,Crash Bandicoot N. Sane Trilogy,15,Switch,2018,PlayStation,1996,3D Platformer,Activision / Toys for Bob,1,,,Crash Bandicoot N. Sane Trilogy
204th,Picture,The Legend of Zelda: Link's Awakening,15,Switch,2019,Game Boy,1993,Adventure,Nintendo / Grezzo,1,Yes,FU,The Legend of Zelda Link's Awakening
205th,Picture,Diablo III: Eternal Collection,15,Switch,2018,PC,2012,Action RPG / Hack & Slash,Blizzard,1,,,Diablo III Eternal Collection
206th,Picture,Saints Row: The Third,15,Switch,2019,PlayStation 3 / Xbox 360,2011,Adventure / TPS,Koch Media / Volition,1,,,Saints Row The Third
207th,Kingdom Hearts 3 + ReMind DLC: The Complete Guide & Walkthrough eBook by  Tam Ha - EPUB | Rakuten Kobo 1230003972007,Kingdom Hearts III,15,PlayStation 4,2019,PlayStation 4,2019,Action RPG,Square Enix,,,,Kingdom Hearts III
208th,Picture,Astral Chain,15,Switch,2019,Switch,2019,Hack & Slash,Nintendo / Platinum Games,1,Yes,,Astral Chain
209th,Picture,Mutant Year Zero: Road to Eden,15,Switch,2019,Switch,2019,Tactical RPG,Funcom Oslo ,1,,,Mutant Year Zero Road to Eden
210th,Picture,Daemon X Machina,15,Switch,2019,Switch,2019,Action / Shmup,Nintendo,1,,,Daemon X Machina
211th,Picture,Overwatch,15,Switch,2019,PlayStation 4 / Xbox One ,2016,FPS / Online,Blizzard,1,,,Overwatch
212th,Picture,Yooka-Laylee and the Impossible Lair,15,Switch,2019,Switch,2019,2D Platformer,Team17 / Playtonic Games,1,,,Yooka-Laylee and the Impossible Lair
213th,Picture,Mega Man 11,15,Switch,2018,Switch,2018,Action / 2D Platformer,Capcom,1,,,Mega Man 11
214th,Download demos | Official UK Store | Nintendo,Hatsune Miku Project DIVA Mega39s,15,Switch,2020,PlayStation Portable,2009,Music,Sega,1,,,Hatsune Miku Project DIVA Mega39s
215th,Picture,Marvel Ultimate Alliance 3: The Black Order,15,Switch,2019,Switch,2019,Hack & Slash,Nintendo / Koei Tecmo,1,,,Marvel Ultimate Alliance 3 The Black Order
216th,Local Arena and 2P Share Battle Pack/TETRIS® 99/Nintendo Switch/Nintendo,Tetris 99,15,Switch,2019,Switch,2019,Arcade / Puzzle,Nintendo / Arika,1,,,Tetris 99
217th,Metroid Dread,Metroid Dread,15,Switch,2021,Switch,2021,Metroidvania,Nintendo / MercurySteam,1,,,Metroid Dread
218th,SteamWorld Heist: Ultimate Edition,SteamWorld Heist: Ultimate Edition,15,Switch,2017,3DS,2015,Tactical RPG,Image & Form,1,,,SteamWorld Heist Ultimate Edition
219th,Ingen tilgængelig beskrivelse.,Balan Wonderworld,15,Switch,2021,Switch,2021,3D Platformer,Square Enix / Arzest,1,,,Balan Wonderworld
220th,How to Play the God of War Games in Chronological Order,God of War,15,PlayStation 4,2018,PlayStation 4,2018,Adventure,Sony / Santa Monica Studio,1,,,God of War
221st,See the source image,Pokémon Black,14,DS,2011,DS,2011,RPG,Nintendo / Game Freak,1,,,Pokémon Black
222nd,Tekken 8 PlayStation 5 - Best Buy,Tekken 8,14,PlayStation 5,2024,PlayStation 5,2024,Fighting,Bandai Namco,1,1,,Tekken 8
223rd,Pilotwings Resort,Pilotwings Resort,14,3DS,2011,3DS,2011,Sports,Nintendo / Monster Games,1,1,,Pilotwings Resort
224th,51 Worldwide Games,51 Worldwide Games,14,Switch,2020,Switch,2020,Board Game,Nintendo,1,,,51 Worldwide Games
225th,Persona 4 Arena Ultimax,Persona 4 Arena Ultimax,14,Switch,2022,PlayStation 3 / Xbox 360,2014,Fighting,Atlus / Arc System Works,1,,,Persona 4 Arena Ultimax
226th,"Azure Striker Gunvolt - PCGamingWiki PCGW - bugs, fixes, crashes, mods,  guides and improvements for every PC game",Azure Striker Gunvolt,14,3DS,2014,3DS,2014,Action / 2D Platformer,Inti Creates,1,1,,Azure Striker Gunvolt
227th,Ghost Trick: Phantom Detective,Ghost Trick: Phantom Detective,14,Switch,2023,DS,2011,Puzzle,Capcom,1,,,Ghost Trick Phantom Detective
228th,Pentiment,Pentiment,13,Switch,2024,Xbox One / Xbox Series X/S,2022,Visual Novel,Xbox Game Studios / Obsidian Entertainment,1,,,Pentiment
229th,Diablo® IV - Expansion Bundle,Diablo IV,13,PlayStation 5,2023,PlayStation 5,2023,Action RPG / Hack & Slash,Blizzard,1,,,Diablo IV
230th,Super Mario RPG,Super Mario RPG,13,Switch,2023,SNES,1996,RPG,Nintendo,1,Yes,,Super Mario RPG
231st,"Super Monkey Ball 3D screenshots, images and pictures - Giant Bomb",Super Monkey Ball 3D,13,3DS,2011,3DS,2011,Arcade / 3D Platformer,Sega,1,1,,Super Monkey Ball 3D
232nd,Picture,South Park: The Stick of Truth,13,Switch,2018,PlayStation 3 / Xbox 360,2014,RPG,Ubisoft / Obsidian Entertainment,1,,,South Park The Stick of Truth
233rd,Detective Pikachu Returns,Detective Pikachu Returns,13,Switch,2023,Switch,2023,Visual Novel / Puzzle,Nintendo,1,,,Detective Pikachu Returns
234th,Castlevania: Lords of Shadow – Mirror of Fate - Wikipedia,Castlevania: Lords of Shadow - Mirror of Fate,13,3DS,2013,3DS,2013,Metroidvania,Konami / MercurySteam,1,1,,Castlevania Lords of Shadow - Mirror of Fate
235th,Detective Pikachu,Detective Pikachu,13,3DS,2018,3DS,2018,Visual Novel / Puzzle,Nintendo,1,1,,Detective Pikachu
236th,Taiko no Tatsujin: Rhythm Festival | Juegos de Nintendo Switch | Juegos |  Nintendo,Taiko no Tatsujin: Rhythm Festival,13,Switch,2022,Switch,2022,Music,Bandai Namco,1,,,Taiko no Tatsujin Rhythm Festival
237th,Emio – The Smiling Man: Famicom Detective Club,Emio – The Smiling Man: Famicom Detective Club,12,Switch,2024,Switch,2024,Visual Novel,Nintendo,1,1,,Emio – The Smiling Man Famicom Detective Club
238th,Rune Factory 4 Special - IGN,Rune Factory 4 Special,12,Switch,2020,3DS,2014,Simulation / JRPG,Marvelous,1,,,Rune Factory 4 Special
239th,Picture,AI: The Somnium Files,12,Switch,2019,Switch,2019,Visual Novel,Spike Chunsoft,1,Yes,,AI The Somnium Files
240th,Ori and the Will of the Wisps | Ori and the Blind Forest Wiki | Fandom,Ori and the Will of the Wisps,12,Switch,2020,Xbox One,2020,Metroidvania,iam8bit / Moon Studios,1,,,Ori and the Will of the Wisps
241st,AI: THE SOMNIUM FILES - nirvanA Initiative,AI: The Somnium Files Nirvana Initiative,12,Switch,2022,Switch,2022,Visual Novel,Spike Chunsoft,1,Yes,,AI The Somnium Files Nirvana Initiative
242nd,Picture,Resident Evil 5,12,Switch,2019,PlayStation 3 / Xbox 360,2009,TPS / Survival,Capcom,1,,,Resident Evil 5
243rd,Blaster Master Zero,Blaster Master Zero,12,3DS,2017,NES,1988,Metroidvania,Inti Creates,1,1,,Blaster Master Zero
244th,DRIVER Renegade 3D – ALERTAJOCS,Driver Renegade 3D,11,3DS,2011,3DS,2011,Racing,Ubisoft,1,1,,Driver Renegade 3D
245th,Picture,Saints Row: IV,11,Switch,2020,PlayStation 3 / Xbox 360,2013,Adventure / TPS,Koch Media / Volition,1,,,Saints Row IV
246th,Picture,The Outer Worlds,11,Switch,2020,PlayStation 4 / Xbox One ,2019,Adventure / FPS,Private Division / Obsidian Entertainment,1,,,The Outer Worlds
247th,No More Heroes 1 & 2 (Switch) £13.21 each @ Nintendo eShop Russia -  hotukdeals,No More Heroes,11,Switch,2020,Wii,2008,Action,Marvelous / Grasshopper Manufacture,1,,,No More Heroes
248th,Nintendo Switch Sports,Nintendo Switch Sports,11,Switch,2022,Switch,2022,Sports,Nintendo,1,,,Nintendo Switch Sports
249th,"Corona Jumper: Wario Land 4 (Game Boy Advance, 2001)",Wario Land 4,11,Game Boy Advance,2001,Game Boy Advance,2001,2D Platformer,Nintendo,1,1,,Wario Land 4
250th,Buy It Takes Two Origin OFFLINE Activation and download,It Takes Two,11,PC,2021,PC,2021,3D Platformer,Electronic Arts / Hazelight Studios,1,,,It Takes Two
251st,NieR:Automata The End of YoRHa Edition,NieR: Automata The End of YoRHa Edition,10,Switch,2022,PlayStation 4,2017,Action RPG / Hack & Slash,Square Enix / Platinum Games,1,,,NieR Automata The End of YoRHa Edition
252nd,Ys Memoire: The Oath in Felghana,Ys Memoire: The Oath in Felghana,10,Switch,2025,PC,2005,Action RPG / JRPG, Nihon Falcom / Xseed Games,1,,,Ys Memoire The Oath in Felghana
253rd,"Dragon Quest IX: Sentinels of the Starry Skies screenshots, images and  pictures - Giant Bomb",Dragon Quest IX: Sentinels of the Starry Skies,10,DS,2010,DS,2010,JRPG,Square Enix,Emre,,,Dragon Quest IX Sentinels of the Starry Skies
254th,The Plucky Squire,The Plucky Squire,10,Switch,2024,Switch,2024,Adventure,Devolver Digital / All Possible Futures,1,,,The Plucky Squire
255th,Picture,Cave Story+,10,Switch,2017,Wii / DS,2010,Metroidvania,Nicalis,1,,,Cave Story+
256th,Picture,Bayonetta,10,Switch,2018,PlayStation 3 / Xbox 360,2009,Hack & Slash,Sega / Platinum Games,1,,,Bayonetta
257th,Picture,Fire Emblem Warriors,10,Switch,2017,Switch / 3DS,2017,Hack & Slash,Nintendo / Koei Tecmo,1,Yes,,Fire Emblem Warriors
258th,Starlink: Battle for Atlas | Nintendo Switch games | Games | Nintendo,Starlink: Battle for Atlas,10,Switch,2018,Switch,2018,Adventure / Shmup,Nintendo / Ubisoft,1,Yes,,Starlink Battle for Atlas
259th,Picture,Luigi's Mansion 3,10,Switch,2019,Switch,2019,Adventure / Puzzle,Nintendo / Next Level Games,1,Yes,,Luigi's Mansion 3
260th,Picture,Metro 2033 Redux,10,Switch,2020,Xbox 360,2010,FPS,Deep Silver / 4A Games,1,,,Metro 2033 Redux
261st,Picture,Ori and the Blind Forest: Definitive Edition,10,Switch,2019,Xbox One,2015,Metroidvania,Microsoft / Moon Studios,1,,,Ori and the Blind Forest Definitive Edition
262nd,Image result for crash 4 it's about time,Crash Bandicoot 4: It's About Time,10,Switch,2021,PlayStation 4 / Xbox One ,2020,3D Platformer,Activision / Toys for Bob,1,,,Crash Bandicoot 4 It's About Time
263rd,Puyo Puyo Tetris 2,Puyo Puyo Tetris 2,10,Switch,2020,Switch,2020,Arcade / Puzzle,Sega,1,,,Puyo Puyo Tetris 2
264th,Detroit: Become Human,Detroit: Become Human,10,PlayStation 4,2018,PlayStation 4,2018,Visual Novel / Puzzle,Sony / Quantic Dream,1,,,Detroit Become Human
265th,"Arts and Crafts: Make your own Sonic Origins Genesis box, manual and ...",Sonic Origins Plus,10,Switch,2023,Sega Genesis,1991,2D Platformer,Sega,1,,,Sonic Origins Plus
266th,SONIC X SHADOW GENERATIONS,Sonic X Shadow Generations,9,Switch,2024,Switch,2024,3D Platformer,Sega / Sonic Team,1,,,Sonic X Shadow Generations
267th,Devil May Cry,Devil May Cry,9,Switch,2019,PlayStation 2,2001,Hack & Slash,Capcom,1,,,Devil May Cry
268th,Chicory: A Colourful Tale - PS5 games | PlayStation (Denmark),Chicory: A Colorful Tale,9,Switch,2021,Switch,2021,Puzzle / Creative,Finji,1,,,Chicory A Colorful Tale
269th,Picture,Celeste,8,Switch,2018,Switch,2018,Metroidvania,Maddy Makes Games / Matt Makes Games,1,,,Celeste
270th,Picture,River City Girls,8,Switch,2019,Switch,2019,Beat-em-up,WayForward,1,,,River City Girls
271st,Some Switch owners are a tad miffed with the icon for Burnout ...,Burnout Paradise Remastered,8,Switch,2020,PlayStation 3,2008,Racing,Electronic Arts,1,,,Burnout Paradise Remastered
272nd,"Tell Us: Is it Time for a New, Traditional Mario Kart? - IGN",Mario Kart Live: Home Circuit,8,Switch,2020,Switch,2020,Racing,Nintendo,1,,,Mario Kart Live Home Circuit
273rd,Pikmin 3 Deluxe Coming To Switch On October 30 – Nintendo Times,Pikmin 3 Deluxe,8,Switch,2020,Wii U,2013,Adventure,Nintendo,1,Yes,,Pikmin 3 Deluxe
274th,No More Heroes 2: Desperate Struggle – Nintendo Switch – Nintendo Tracker,No More Heroes 2: Desperate Struggle,8,Switch,2020,Wii,2010,Action,Marvelous / Grasshopper Manufacture,1,,,No More Heroes 2 Desperate Struggle
275th,No More Heroes 3,No More Heroes 3,8,Switch,2021,Switch,2021,Action,Grasshopper Manufacture,1,,,No More Heroes 3
276th,Kirby and the Forgotten Land,Kirby and the Forgotten Lands,8,Switch,2022,Switch,2022,3D Platformer,Nintendo / HAL Laboratory,1,Yes,S2V,Kirby and the Forgotten Lands
277th,Wii Party U,Wii Party U,8,Wii U,2013,Wii U,2013,Board Game,Nintendo,1,1,,Wii Party U
278th,Picture,Streets of Rage 4,8,Switch,2020,Switch,2020,Beat-em-up,Dotemu,1,,,Streets of Rage 4
279th,Cadence of Hyrule - Wikipedia,Cadence of Hyrule,7,Switch,2019,Switch,2019,Music / Action,Nintendo / Brace Yourself Games,1,,,Cadence of Hyrule
280th,Record of Lodoss War -Deedlit in Wonder Labyrinth-,Record of Lodoss War -Deedlit in Wonder Labyrinth-,7,Switch,2022,Switch,2022,Metroidvania,PLAYISM / Team Ladybug,1,,,Record of Lodoss War -Deedlit in Wonder Labyrinth-
281st,Ingen tilgængelig beskrivelse.,Danganronpa S: Ultimate Summer Camp,7,Switch,2021,Switch,2021,RPG,Spike Chunsoft,1,,,Danganronpa S Ultimate Summer Camp
282nd,Nintendo-Difference,Doki Doki Literature Club,7,Switch,2021,PC,2017,Visual Novel,Serenity Forge / Team Salvato,1,,,Doki Doki Literature Club
283rd,Pizza Tower,Pizza Tower,7,Switch,2024,PC,2023,2D Platformer,Tour De Pizza,1,,,Pizza Tower
284th,Princess Peach Box Art Updated to Look a Little More Like She Does in the  Super Mario Bros. Movie,Princess Peach: Showtime!,7,Switch,2024,Switch,2024,3D Platformer,Nintendo,1,,,Princess Peach Showtime!
285th,"Metroid Prime: Federation Force – Wikipédia, a enciclopédia livre",Metroid Prime: Federation Force,7,3DS,2016,3DS,2016,FPS / Multiplayer,Nintendo / Next Level Games,Emre,,,Metroid Prime Federation Force
286th,WarioWare: Get It Together!,WarioWare: Get It Together!,6,Switch,2021,Switch,2021,Board Game,Nintendo,1,,,WarioWare Get It Together!
287th,RESIDENT EVIL 3,Resident Evil 3,6,PlayStation 5,2022,PlayStation,1999,TPS / Survival,Capcom,1,,,Resident Evil 3
288th,Shovel Knight | Battletoads Wiki | Fandom,Shovel Knight: Treasure Trove,6,Switch,2017,Wii U / 3DS,2014,2D Platformer,Yatch Club Games,1,Yes,Yes,Shovel Knight Treasure Trove
289th,Kaze and the Wild Masks,Kaze and the Wild Masks,6,Switch,2021,Switch,2021,2D Platformer,Soedesco / PixelHive,1,,,Kaze and the Wild Masks
290th,Kirby's Dream Buffet,Kirby's Dream Buffet,6,Switch,2022,Switch,2022,Racing,Nintendo / HAL Laboratory,1,,,Kirby's Dream Buffet
291st,Parascientific Escape Cruise in the Distant Seas Review (3DS eShop) |  Nintendo Life,Parascientific Escape: Cruise in the distant seas,6,3DS,2016,3DS,2016,Visual Novel / Puzzle,CIRCLE Entertainment,1,1,,Parascientific Escape Cruise in the distant seas
292nd,Call Of Juarez: Gunslinger,Call Of Juarez: Gunslinger,6,Switch,2019,PlayStation 3 / Xbox 360,2006,FPS / Arcade,Ubisoft / Techland,1,,,Call Of Juarez Gunslinger
293rd,Nintendo World Championships: NES Edition,Nintendo World Championships: NES Edition,6,Switch,2024,Switch,2024,Arcade,Nintendo,1,,,Nintendo World Championships NES Edition
294th,BOXBOY! + BOXGIRL!,BoxBoy! + BoxGirl!,6,Switch,2019,Switch,2019,2D Platformer / Puzzle,Nintendo / HAL Laboratory,1,,,BoxBoy! + BoxGirl!
295th,Billedforhåndsvisning,Penny's Big Breakaway,6,Switch,2024,Switch,2024,3D Platformer,Private Division / Evening Star,1,,,Penny's Big Breakaway
296th,Rocket Knight Adventures: Re-Sparked,Rocket Knight Adventures: Re-Sparked,6,Switch,2024,Sega Genesis,1993,Action / 2D Platformer,Konami / Limited Run Games,1,,,Rocket Knight Adventures Re-Sparked
297th,WarioWare: Move It!,WarioWare: Move It!,6,Switch,2023,Switch,2023,Board Game,Nintendo / Intelligent Systems,1,,,WarioWare Move It!
298th,Mario vs. Donkey Kong,Mario vs. Donkey Kong,5,Switch,2024,Game Boy Advance,2004,Puzzle,Nintendo,1,,,Mario vs. Donkey Kong
299th,OneShot: World Machine Edition,OneShot: World Machine Edition,5,Switch,2022,Switch,2022,Adventure / Visual Novel,DANGEN Entertainment / Future Cat,1,,,OneShot World Machine Edition
300th,Picture,Street Fighter: 30th Anniversary ,5,Switch,2018,NES / SNES,1987,Fighting,Capcom,,,,Street Fighter 30th Anniversary 
301st,Sonic Mania/Sonic Mania Plus (2017/2018) Music – SoaH City,Sonic Mania,5,Switch,2018,Switch,2018,2D Platformer,Sega / Christian Whitehead,1,,,Sonic Mania
302nd,Picture,Blazblue Cross Tag Battle,5,Switch,2018,Switch,2018,Fighting,Arc System Works,1,,,Blazblue Cross Tag Battle
303rd,Picture,Mortal Kombat 11,5,Switch,2019,Switch,2019,Fighting,Warner Bros,1,,,Mortal Kombat 11
304th,Picture,Mario Tennis Aces,5,Switch,2018,Switch,2018,Sports,Nintendo / Camelot,1,1,,Mario Tennis Aces
305th,Picture,Sid Meier's Civilization VI,5,Switch,2018,PC,2016,Strategy,2K Games,,,,Sid Meier's Civilization VI
306th,Picture,Undertale,5,Switch,2018,Switch,2018,RPG,4-Aug,1,,,Undertale
307th,New Super Lucky's Tale on Nintendo Switch,New Super Lucky's Tale,5,Switch,2019,Xbox One,2017,3D Platformer,Playful Entertainment,1,,,New Super Lucky's Tale
308th,Fitness Boxing - Wikipedia,Fitness Boxing,5,Switch,2018,Switch,2018,Sports,Nintendo / Imagineer,1,,,Fitness Boxing
309th,Image result for scott pilgrim vs the world game,Scott Pilgrim Vs. The World: The Game,5,Switch,2021,PlayStation 3,2010,Beat-em-up,Ubisoft,1,,,Scott Pilgrim Vs. The World The Game
310th,Ghost 'n Goblins Resurrection for Nintendo Switch - Nintendo Game Details,Ghost 'n Goblins: Resurrection,5,Switch,2021,Switch,2021,Action / 2D Platformer,Capcom,1,,,Ghost 'n Goblins Resurrection
311th,Ingen tilgængelig beskrivelse.,Pac-Man 99,5,Switch,2021,Switch,2021,Arcade,Bandai Namco,1,,,Pac-Man 99
312th,"Sonic Colors Ultimate Developer, Price, Digital Edition Revealed, to be  Epic Exclusive on PC - The Sonic Stadium",Sonic Colours: Ultimate,5,Switch,2021,Wii / DS,2010,3D Platformer,Sega / Blind Squirrel,1,,,Sonic Colours Ultimate
313th,The Last Campfire,The Last Campfire,5,Switch,2020,Switch,2020,Puzzle,Hello Games,1,,,The Last Campfire
314th,Chocobo GP,Chocobo GP,5,Switch,2022,Switch,2022,Racing,Square Enix,1,,,Chocobo GP
315th,Co-Optimus - News - Co-op Katamari to Return with 'We Love Katamari Reroll  Plus Royal Reverie',We Love Katamari REROLL + Royal Reverie,5,Switch,2023,PlayStation 2,2005,Puzzle,Bandai Namco,1,,,We Love Katamari REROLL + Royal Reverie
316th,Mario Strikers: Battle League Football,Mario Strikers: Battle League Football,5,Switch,2022,Switch,2022,Sports,Nintendo / Next Level Games,1,,,Mario Strikers Battle League Football
317th,Cult of the Lamb,Cult of the Lamb,4,Switch,2022,Switch,2022,Simulation / Roguelike,Devolver Digital / Massive Monster,Emre,,,Cult of the Lamb
318th,Super Mario World,Super Mario World,4,SNES,1990,SNES,1990,2D Platformer,Nintendo,1,,,Super Mario World
319th,Sonic Forces™ | Nintendo Switch | Games | Nintendo,Sonic Forces,4,Switch,2017,Switch,2017,3D Platformer,Sega / Sonic Team,1,,,Sonic Forces
320th,Kirby Fighters 2 for Switch announcement leaked - Gematsu,Kirby Fighters 2,4,Switch,2020,Switch,2020,Fighting,Nintendo / HAL Laboratory,1,,,Kirby Fighters 2
321st,Donkey Kong Country,Donkey Kong Country,4,SNES,1994,SNES,1994,2D Platformer,Nintendo / Rare,1,,,Donkey Kong Country
322nd,Buy CrossCode - Microsoft Store,CrossCode,4,Switch,2020,Switch,2020,Adventure,Deck13 Interactive / Radical Fish Games,,,,CrossCode
323rd,Pokémon Sword (2019) Nintendo Switch box cover art - MobyGames,Pokémon Sword,4,Switch,2019,Switch,2019,RPG,Nintendo / Game Freak,,,,Pokémon Sword
324th,Kirby's Return to Dream Land Deluxe,Kirby's Return to Dream Land Deluxe,4,Switch,2023,Wii,2011,2D Platformer,Nintendo / HAL Laboratory,1,,,Kirby's Return to Dream Land Deluxe
325th,"Elite Beat Agents Info, Boxart, Banners, Fanart, Screenshots, Wallpapers,  and More! - Movie Abyss",Elite Beat Agents,4,DS,2006,DS,2006,Music,Nintendo,1,,,Elite Beat Agents
326th,"Taiko no Tatsujin: Drum'n'Fun! - Song ""Favorite Sounds of Taiko""",Taiko no Tatsujin: Drum 'n' Fun!,4,Switch,2018,Switch,2018,Music,Bandai Namco,1,,,Taiko no Tatsujin Drum 'n' Fun!
327th,Super Monkey Ball Banana Rumble,Super Monkey Ball Banana Rumble,3,Switch,2024,Switch,2024,Arcade / 3D Platformer,Sega / Ryu Ga Gotoku Studio,1,,,Super Monkey Ball Banana Rumble
328th,Picture,Super Monkey Ball: Banana Blitz HD,3,Switch,2019,Wii,2006,Arcade / 3D Platformer,Sega,1,,,Super Monkey Ball Banana Blitz HD
329th,Picture,Castle Crashers Remastered,3,Switch,2019,Xbox 360,2008,Beat-em-up,The Behemoth,Mathias,,,Castle Crashers Remastered
330th,Image result for untitled goose game icon,Untitled Goose Game,3,Switch,2019,Switch,2019,Puzzle,Panic / House House,1,,,Untitled Goose Game
331st,Big Brain Academy: Brain vs. Brain,Big Brain Academy: Brain vs. Brain,3,Switch,2021,Switch,2021,Puzzle,Nintendo,1,,,Big Brain Academy Brain vs. Brain
332nd,Donkey Kong Country 2: Diddy's Kong Quest,Donkey Kong Country 2: Diddy's Kong Quest,3,SNES,1995,SNES,1995,2D Platformer,Nintendo / Rare,,,,Donkey Kong Country 2 Diddy's Kong Quest
333rd,GRIS,GRIS,3,Switch,2018,Switch,2018,2D Platformer,Devolver Digital / Nomada Studio,1,,,GRIS
334th,mario.wiki.gallery/images/thumb/b/bd/Mario_Part...,Mario Party 4,3,Gamecube,2002,Gamecube,2002,Board Game,Nintendo / Hudson,,,,Mario Party 4
335th,Klonoa Phantasy Reverie Series,Klonoa Phantasy Reverie Series,3,Switch,2022,PlayStation / PlayStation 2,1997,2D Platformer,Bandai Namco,Yes,,,Klonoa Phantasy Reverie Series
336th,MULLET MAD JACK DELUXE EDITION on GOG.com,Mullet MadJack,3,PC,2024,PC,2024,FPS / Roguelike,Epopeia Games / Hammer95 Studios,1,,,Mullet MadJack
337th,Clilsiatm Outlast Game Poster Vintage Metal Tin Sign Metal Poster 8x12 Inch  : Amazon.sg: Home,Outlast,3,PlayStation 4,2013,PlayStation 4,2013,FPS / Survival,Red Barrels,Yasin,,,Outlast
338th,Mighty Switch Force!,Mighty Switch Force!,2,3DS,2011,3DS,2011,2D Platformer,WayForward,1,,,Mighty Switch Force!
339th,High on Life - IGN,High on Life,2,PlayStation 5,2023,Xbox One / Xbox Series X/S,2022,FPS,Squanch Games,Yasin,,,High on Life
340th,What We Want from Teenage Mutant Ninja Turtles: Shredder’s Revenge,Teenage Mutant Ninja Turtles: Shredder's Revenge,2,Switch,2022,Switch,2022,Beat-em-up,Dotemu,1,,,Teenage Mutant Ninja Turtles Shredder's Revenge
341st,Punch-Out!! - IGN,Punch-Out!!,2,Wii,2009,Wii,2009,Sports / Arcade,Nintendo / Next Level Games,1,,,Punch-Out!!
342nd,A Short Hike Review (Switch eShop) | Nintendo Life,A Short Hike,2,Switch,2020,Switch,2020,Adventure / 3D Platformer,Whimppoorwill / Adam Robinson-Yu,1,,,A Short Hike
343rd,Monster Hunter Generations Ultimate™,Monster Hunter Generations Ultimate,2,Switch,2018,3DS,2016,Action,Capcom,,,,Monster Hunter Generations Ultimate
344th,Ingen tilgængelig beskrivelse.,Grand Theft Auto: III - The Definitive Edition,2,Switch,2022,PlayStation 2,2001,Adventure / TPS,Rockstar Games,,,,Grand Theft Auto III - The Definitive Edition
345th,Ingen tilgængelig beskrivelse.,Grand Theft Auto: San Andreas - The Definitive Edition,2,Switch,2022,PlayStation 2,2004,Adventure / TPS,Rockstar Games,,,,Grand Theft Auto San Andreas - The Definitive Edition
346th,Ingen tilgængelig beskrivelse.,Grand Theft Auto: Vice City - The Definitive Edition,2,Switch,2022,PlayStation 2,2002,Adventure / TPS,Rockstar Games,,,,Grand Theft Auto Vice City - The Definitive Edition
347th,mario.wiki.gallery/images/e/e8/Mario_Party_5_bo...,Mario Party 5,2,Gamecube,2003,Gamecube,2003,Board Game,Nintendo / Hudson,,,,Mario Party 5
348th,battletoads xbox series x OFF 72% |,Battletoads,2,PC,2020,PC,2020,Beat-em-up,Dlala Studios / Xbox Game Studios,Emre,,,Battletoads
349th,Counter-Strike 2 | Eurogamer.net,Counter-Strike 2,2,PC,2023,PC,2023,FPS / Online,Valve,,,,Counter-Strike 2
350th,Pokémon Picross,Pokémon Picross,2,3DS,2015,3DS,2015,Puzzle,Nintendo / Jupitor Corporation,,,,Pokémon Picross
351st,Nintendo Land,Nintendo Land,2,Wii U,2012,Wii U,2012,Board Game,Nintendo,Melih,,,Nintendo Land
352nd,Part Time UFO,Part Time UFO,2,Switch,2020,Switch,2020,Puzzle,Nintendo / HAL Laboratory,1,,,Part Time UFO
353rd,Pokémon Stadium 2,Pokémon Stadium 2,2,Nintendo 64,2001,Nintendo 64,2001,RPG,Nintendo,Emre,,,Pokémon Stadium 2
354th,Donkey Kong Jet Race - Hry na všechny typy konzolí a PC,Donkey Kong: Jet Race,2,Wii,2007,Wii,2007,Racing,Nintendo / Paon,1,,,Donkey Kong Jet Race
355th,Overcooked! All You Can Eat,Overcooked! All You Can Eat,1,Switch,2021,PlayStation 4 / Xbox One ,2016,Board Game,Team17 / Ghost Town Games,,,,Overcooked! All You Can Eat
356th,Asphalt Legends Unite for Xbox One - Download,Asphalt Legends Unite,1,PlayStation 4,2024,PlayStation 4,2024,Racing,Gameloft,,,,Asphalt Legends Unite
357th,N64 Cheats - Super Smash Bros. Guide - IGN,Super Smash Bros.,1,Nintendo 64,1999,Nintendo 64,1999,Fighting,Nintendo,Emre,,,Super Smash Bros.
358th,Billedforhåndsvisning,Bubble Bobble 4 Friends: The Baron is Back!,1,Switch,2019,Switch,2019,Arcade,ININ Games / Taito,1,,,Bubble Bobble 4 Friends The Baron is Back!
359th,Enter the Gungeon | Download and Buy Today - Epic Games Store,Enter The Gungeon,1,Switch,2017,PlayStation 4,2016,Shmup,Devolver Digital / Dogde Roll,Emre,,,Enter The Gungeon
360th,See the source image,StreetPass Mii Plaza,1,3DS,2011,3DS,2011,Simulation,Nintendo,,,,StreetPass Mii Plaza
361st,Hello Kitty Kruisers With Sanrio Friends,Hello Kitty Kruisers,1,Switch,2018,Wii U,2014,Racing,Rising Star Games,1,,,Hello Kitty Kruisers
362nd,CODE VEIN (English),Code Vein,1,PlayStation 4,2019,PlayStation 4,2019,Soulslike,Bandai Namco,Yasin,,,Code Vein
363rd,"Snipperclips – Cut it out, together!","Snipperclips Plus: Cut it out, together!",1,Switch,2017,Switch,2017,Puzzle,Nintendo / SFB Games,Yes,,,"Snipperclips Plus Cut it out, together!"
364th,How long is Kirby & the Amazing Mirror? | HowLongToBeat,Kirby & the Amazing Mirror,1,Game Boy Advance,2004,Game Boy Advance,2004,2D Platformer / Metroidvania,Nintendo / HAL Laboratory,,,,Kirby & the Amazing Mirror
365th,Animal Crossing: amiibo Festival,Animal Crossing: amiibo Festival,1,Wii U,2015,Wii U,2015,Board Game,Nintendo,Emre,,,Animal Crossing amiibo Festival
366th,Disney Illusion Island,Disney Illusion Island,1,Switch,2023,Switch,2023,Metroidvania,Disney Electronic Content / Dlala Studios,Emre,,,Disney Illusion Island
367th,Disney Speedstorm,Disney Speedstorm,1,Switch,2023,Switch,2023,Racing,Gameloft,,,,Disney Speedstorm
368th,Diddy Kong Racing,Diddy Kong Racing,1,Nintendo 64,1997,Nintendo 64,1997,Racing,Nintendo,Emre,,,Diddy Kong Racing
369th,Wario Land: Super Mario Land 3 - IGN,Super Mario Land,1,Game Boy,1989,Game Boy,1989,2D Platformer,Nintendo,1,,,Super Mario Land
370th,FAST RMX,Fast RMX,1,Switch,2017,Switch,2017,Racing,Shin'en Multimedia,Emre,,,Fast RMX
371st,Swapdoodle,Swapdoodle,1,3DS,2016,3DS,2016,Creative,Nintendo,,,,Swapdoodle
372nd,New Super Mario Bros.,New Super Mario Bros.,1,DS,2006,DS,2006,2D Platformer,Nintendo,Emre,,,New Super Mario Bros.
373rd,dragon ball sparking zero Archives – WellPlayed,Dragon Ball: Sparking! Zero,1,PlayStation 5,2024,PlayStation 5,2024,Fighting,Bandai Namco / Spike Chunsoft,,,,Dragon Ball Sparking! Zero
374th,Gang Beasts,Gang Beasts,0,Switch,2021,PlayStation 4,2017,Fighting,Double Fine Presents / Boneloaf,Emre,,,Gang Beasts
375th,Cake Bash Review (Switch eShop) | Nintendo Life,Cake Bash,0,Switch,2020,Switch,2020,Board Game,Coatsink Software / High Tea Frog,,,,Cake Bash
376th,Tatsunoko vs. Capcom: Ultimate All-Stars | Ultimate Pop Culture Wiki |  Fandom,Tatsunoko vs. Capcom: Ultimate All-Stars,0,Wii,2010,Wii,2010,Fighting,Capcom,Emre,,,Tatsunoko vs. Capcom Ultimate All-Stars
377th,Sonic & All-Stars Racing Transformed,Sonic & All-Stars Racing Transformed,0,Wii U,2012,Wii U,2012,Racing,Sega,Emre,,,Sonic & All-Stars Racing Transformed
378th,SUPER BOMBERMAN R ONLINE,Super Bomberman R Online,0,Switch,2021,Switch,2021,Arcade,Konami,,,,Super Bomberman R Online